Org ID,Org Legal Name,Debt Type,Rating Type,Rating,Release Date,Current?,Org Type,Rtg Action,Rtg IG/SG,Org Region,Org Country,Rtg Category,Rtg Symbol Sort,Unsolicited Rtg,Tier Level,ISO Two Char Country Code,OL/CW,OL/CW Date,Confid,Name,Latitude,Longitude,As of Year,As of Year2
100188,Republic of Austria,Issuer Credit Rating,Foreign Curr (Long-term),AAA,6/13/2000,N,Sovereign,Affirmation,IG,"Europe, Middle East, Africa",Austria,AAA,1,N,1,AT,Stable,13-Jun-00,N,Austria,47.3333,13.3333,12/31/2000,2000
100804,Republic of Finland,Issuer Credit Rating,Foreign Curr (Long-term),AA+,10/3/2000,N,Sovereign,Affirmation,IG,"Europe, Middle East, Africa",Finland,AA,2,N,1,FI,Positive,3-Oct-00,N,Finland,64,26,12/31/2000,2000
107135,Republic of Italy (Unsolicited Ratings),Issuer Credit Rating,Foreign Curr (Long-term),AA,4/19/2000,N,Sovereign,Affirmation,IG,"Europe, Middle East, Africa",Italy,AA,3,N,1,IT,Stable,19-Apr-00,N,Italy,42.8333,12.8333,12/31/2000,2000
107429,Republic of Ireland,Issuer Credit Rating,Foreign Curr (Long-term),AA+,10/3/2000,N,Sovereign,Affirmation,IG,"Europe, Middle East, Africa",Ireland,AA,2,N,1,IE,Positive,3-Oct-00,N,Ireland,53,-8,12/31/2000,2000
109900,Republic of Portugal,Issuer Credit Rating,Foreign Curr (Long-term),AA,4/5/2000,N,Sovereign,Affirmation,IG,"Europe, Middle East, Africa",Portugal,AA,3,N,1,PT,Stable,5-Apr-00,N,Portugal,39.5,-8,12/31/2000,2000
117955,Republic of Cyprus,Issuer Credit Rating,Foreign Curr (Long-term),A,11/28/2000,N,Sovereign,Affirmation,IG,"Europe, Middle East, Africa",Cyprus,A,6,N,1,CY,Stable,28-Nov-00,N,Cyprus,35,33,12/31/2000,2000
128364,Slovak Republic,Issuer Credit Rating,Foreign Curr (Long-term),BB+,11/9/2000,N,Sovereign,Affirmation,SG,"Europe, Middle East, Africa",Slovak Republic,BB,11,N,1,SK,Positive,9-Nov-00,N,Slovak Republic,48.6667,19.5,12/31/2000,2000
128507,Republic of Malta,Issuer Credit Rating,Foreign Curr (Long-term),A,5/2/2000,N,Sovereign,Affirmation,IG,"Europe, Middle East, Africa",Malta,A,6,N,1,MT,Stable,2-May-00,N,Malta,35.8333,14.5833,12/31/2000,2000
305647,Republic of Slovenia,Issuer Credit Rating,Foreign Curr (Long-term),A,7/6/2000,N,Sovereign,Affirmation,IG,"Europe, Middle East, Africa",Slovenia,A,6,N,1,SI,Stable,6-Jul-00,N,Slovenia,46,15,12/31/2000,2000
319310,Republic of Estonia,Issuer Credit Rating,Foreign Curr (Long-term),BBB+,12/22/2000,N,Sovereign,Affirmation,IG,"Europe, Middle East, Africa",Estonia,BBB,8,N,1,EE,Positive,22-Dec-00,N,Estonia,59,26,12/31/2000,2000
107118,Federal Republic of Germany (Unsolicited Ratings),Issuer Credit Rating,Foreign Curr (Long-term),AAA,12/10/2002,N,Sovereign,Affirmation,IG,"Europe, Middle East, Africa",Germany,AAA,1,N,1,DE,Stable,10-Dec-02,N,Germany,51,9,12/31/2001,2001
107121,Kingdom of Belgium (Unsolicited Ratings),Issuer Credit Rating,Foreign Curr (Long-term),AA+,2/18/2002,N,Sovereign,Affirmation,IG,"Europe, Middle East, Africa",Belgium,AA,2,N,1,BE,Stable,18-Feb-02,N,Belgium,50.8333,4,12/31/2001,2001
109409,State of The Netherlands (Unsolicited Ratings),Issuer Credit Rating,Foreign Curr (Long-term),AAA,2/10/2003,N,Sovereign,Affirmation,IG,"Europe, Middle East, Africa",Netherlands,AAA,1,N,1,NL,Stable,10-Feb-03,N,Netherlands,52.5,5.75,12/31/2001,2001
112764,Grand Duchy of Luxembourg,Issuer Credit Rating,Foreign Curr (Long-term),AAA,3/25/2002,N,Sovereign,Affirmation,IG,"Europe, Middle East, Africa",Luxembourg,AAA,1,N,1,LU,Stable,25-Mar-02,N,Luxembourg,49.75,6.1667,12/31/2001,2001
104498,Republic of France (Unsolicited Ratings),Issuer Credit Rating,Foreign Curr (Long-term),AAA,1/24/2001,N,Sovereign,Affirmation,IG,"Europe, Middle East, Africa",France,AAA,1,N,1,FR,Stable,24-Jan-01,N,France,46,2,12/31/2000,2000
106200,Kingdom of Spain,Issuer Credit Rating,Foreign Curr (Long-term),AA+,2/6/2001,N,Sovereign,Affirmation,IG,"Europe, Middle East, Africa",Spain,AA,2,N,1,ES,Stable,6-Feb-01,N,Spain,40,-4,12/31/2000,2000
107118,Federal Republic of Germany (Unsolicited Ratings),Issuer Credit Rating,Foreign Curr (Long-term),AAA,12/10/2002,N,Sovereign,Affirmation,IG,"Europe, Middle East, Africa",Germany,AAA,1,N,1,DE,Stable,10-Dec-02,N,Germany,51,9,12/31/2000,2000
107121,Kingdom of Belgium (Unsolicited Ratings),Issuer Credit Rating,Foreign Curr (Long-term),AA+,2/18/2002,N,Sovereign,Affirmation,IG,"Europe, Middle East, Africa",Belgium,AA,2,N,1,BE,Stable,18-Feb-02,N,Belgium,50.8333,4,12/31/2000,2000
109409,State of The Netherlands (Unsolicited Ratings),Issuer Credit Rating,Foreign Curr (Long-term),AAA,2/10/2003,N,Sovereign,Affirmation,IG,"Europe, Middle East, Africa",Netherlands,AAA,1,N,1,NL,Stable,10-Feb-03,N,Netherlands,52.5,5.75,12/31/2000,2000
110074,Hellenic Republic,Issuer Credit Rating,Foreign Curr (Long-term),A,3/13/2001,N,Sovereign,Upgrade,IG,"Europe, Middle East, Africa",Greece,A,6,N,1,GR,Positive,13-Mar-01,N,Greece,39,22,12/31/2000,2000
112764,Grand Duchy of Luxembourg,Issuer Credit Rating,Foreign Curr (Long-term),AAA,3/25/2002,N,Sovereign,Affirmation,IG,"Europe, Middle East, Africa",Luxembourg,AAA,1,N,1,LU,Stable,25-Mar-02,N,Luxembourg,49.75,6.1667,12/31/2000,2000
100188,Republic of Austria,Issuer Credit Rating,Foreign Curr (Long-term),AAA,6/13/2000,N,Sovereign,Affirmation,IG,"Europe, Middle East, Africa",Austria,AAA,1,N,1,AT,Stable,13-Jun-00,N,Austria,47.3333,13.3333,12/31/2001,2001
100804,Republic of Finland,Issuer Credit Rating,Foreign Curr (Long-term),AA+,5/15/2001,N,Sovereign,Affirmation,IG,"Europe, Middle East, Africa",Finland,AA,2,N,1,FI,Positive,15-May-01,N,Finland,64,26,12/31/2001,2001
104498,Republic of France (Unsolicited Ratings),Issuer Credit Rating,Foreign Curr (Long-term),AAA,1/24/2001,N,Sovereign,Affirmation,IG,"Europe, Middle East, Africa",France,AAA,1,N,1,FR,Stable,24-Jan-01,N,France,46,2,12/31/2001,2001
106200,Kingdom of Spain,Issuer Credit Rating,Foreign Curr (Long-term),AA+,3/8/2001,N,Sovereign,Affirmation,IG,"Europe, Middle East, Africa",Spain,AA,2,N,1,ES,Stable,8-Mar-01,N,Spain,40,-4,12/31/2001,2001
107135,Republic of Italy (Unsolicited Ratings),Issuer Credit Rating,Foreign Curr (Long-term),AA,10/26/2001,N,Sovereign,Affirmation,IG,"Europe, Middle East, Africa",Italy,AA,3,N,1,IT,Stable,26-Oct-01,N,Italy,42.8333,12.8333,12/31/2001,2001
107429,Republic of Ireland,Issuer Credit Rating,Foreign Curr (Long-term),AAA,10/3/2001,N,Sovereign,Upgrade,IG,"Europe, Middle East, Africa",Ireland,AAA,1,N,1,IE,Stable,3-Oct-01,N,Ireland,53,-8,12/31/2001,2001
109900,Republic of Portugal,Issuer Credit Rating,Foreign Curr (Long-term),AA,6/28/2001,N,Sovereign,Affirmation,IG,"Europe, Middle East, Africa",Portugal,AA,3,N,1,PT,Stable,28-Jun-01,N,Portugal,39.5,-8,12/31/2001,2001
110074,Hellenic Republic,Issuer Credit Rating,Foreign Curr (Long-term),A,3/13/2001,N,Sovereign,Upgrade,IG,"Europe, Middle East, Africa",Greece,A,6,N,1,GR,Positive,13-Mar-01,N,Greece,39,22,12/31/2001,2001
117955,Republic of Cyprus,Issuer Credit Rating,Foreign Curr (Long-term),A,11/16/2001,N,Sovereign,Affirmation,IG,"Europe, Middle East, Africa",Cyprus,A,6,N,1,CY,Stable,16-Nov-01,N,Cyprus,35,33,12/31/2001,2001
128364,Slovak Republic,Issuer Credit Rating,Foreign Curr (Long-term),BBB-,10/30/2001,N,Sovereign,Upgrade,IG,"Europe, Middle East, Africa",Slovak Republic,BBB,10,N,1,SK,Positive,30-Oct-01,N,Slovak Republic,48.6667,19.5,12/31/2001,2001
128507,Republic of Malta,Issuer Credit Rating,Foreign Curr (Long-term),A,8/6/2001,N,Sovereign,Affirmation,IG,"Europe, Middle East, Africa",Malta,A,6,N,1,MT,Stable,6-Aug-01,N,Malta,35.8333,14.5833,12/31/2001,2001
305647,Republic of Slovenia,Issuer Credit Rating,Foreign Curr (Long-term),A,12/18/2001,N,Sovereign,Affirmation,IG,"Europe, Middle East, Africa",Slovenia,A,6,N,1,SI,Stable,18-Dec-01,N,Slovenia,46,15,12/31/2001,2001
112764,Grand Duchy of Luxembourg,Issuer Credit Rating,Foreign Curr (Long-term),AAA,3/25/2002,N,Sovereign,Affirmation,IG,"Europe, Middle East, Africa",Luxembourg,AAA,1,N,1,LU,Stable,25-Mar-02,N,Luxembourg,49.75,6.1667,12/31/2002,2002
117955,Republic of Cyprus,Issuer Credit Rating,Foreign Curr (Long-term),A,11/19/2002,N,Sovereign,Affirmation,IG,"Europe, Middle East, Africa",Cyprus,A,6,N,1,CY,Stable,19-Nov-02,N,Cyprus,35,33,12/31/2002,2002
128364,Slovak Republic,Issuer Credit Rating,Foreign Curr (Long-term),BBB,12/19/2002,N,Sovereign,Upgrade,IG,"Europe, Middle East, Africa",Slovak Republic,BBB,9,N,1,SK,Positive,19-Dec-02,N,Slovak Republic,48.6667,19.5,12/31/2002,2002
128507,Republic of Malta,Issuer Credit Rating,Foreign Curr (Long-term),A,7/5/2002,N,Sovereign,Affirmation,IG,"Europe, Middle East, Africa",Malta,A,6,N,1,MT,Stable,5-Jul-02,N,Malta,35.8333,14.5833,12/31/2002,2002
305647,Republic of Slovenia,Issuer Credit Rating,Foreign Curr (Long-term),A,10/23/2002,N,Sovereign,Affirmation,IG,"Europe, Middle East, Africa",Slovenia,A,6,N,1,SI,Positive,23-Oct-02,N,Slovenia,46,15,12/31/2002,2002
319310,Republic of Estonia,Issuer Credit Rating,Foreign Curr (Long-term),A-,11/20/2001,N,Sovereign,Upgrade,IG,"Europe, Middle East, Africa",Estonia,A,7,N,1,EE,Stable,20-Nov-01,N,Estonia,59,26,12/31/2002,2002
100188,Republic of Austria,Issuer Credit Rating,Foreign Curr (Long-term),AAA,5/21/2003,N,Sovereign,Affirmation,IG,"Europe, Middle East, Africa",Austria,AAA,1,N,1,AT,Stable,21-May-03,N,Austria,47.3333,13.3333,12/31/2003,2003
100804,Republic of Finland,Issuer Credit Rating,Foreign Curr (Long-term),AAA,2/11/2003,N,Sovereign,Affirmation,IG,"Europe, Middle East, Africa",Finland,AAA,1,N,1,FI,Stable,11-Feb-03,N,Finland,64,26,12/31/2003,2003
104498,Republic of France (Unsolicited Ratings),Issuer Credit Rating,Foreign Curr (Long-term),AAA,3/19/2003,N,Sovereign,Affirmation,IG,"Europe, Middle East, Africa",France,AAA,1,N,1,FR,Stable,19-Mar-03,N,France,46,2,12/31/2003,2003
319310,Republic of Estonia,Issuer Credit Rating,Foreign Curr (Long-term),A-,11/20/2001,N,Sovereign,Upgrade,IG,"Europe, Middle East, Africa",Estonia,A,7,N,1,EE,Stable,20-Nov-01,N,Estonia,59,26,12/31/2001,2001
109409,State of The Netherlands (Unsolicited Ratings),Issuer Credit Rating,Foreign Curr (Long-term),AAA,2/10/2003,N,Sovereign,Affirmation,IG,"Europe, Middle East, Africa",Netherlands,AAA,1,N,1,NL,Stable,10-Feb-03,N,Netherlands,52.5,5.75,12/31/2002,2002
100188,Republic of Austria,Issuer Credit Rating,Foreign Curr (Long-term),AAA,6/13/2000,N,Sovereign,Affirmation,IG,"Europe, Middle East, Africa",Austria,AAA,1,N,1,AT,Stable,13-Jun-00,N,Austria,47.3333,13.3333,12/31/2002,2002
100804,Republic of Finland,Issuer Credit Rating,Foreign Curr (Long-term),AAA,2/1/2002,N,Sovereign,Upgrade,IG,"Europe, Middle East, Africa",Finland,AAA,1,N,1,FI,Stable,1-Feb-02,N,Finland,64,26,12/31/2002,2002
104498,Republic of France (Unsolicited Ratings),Issuer Credit Rating,Foreign Curr (Long-term),AAA,1/28/2002,N,Sovereign,Affirmation,IG,"Europe, Middle East, Africa",France,AAA,1,N,1,FR,Stable,28-Jan-02,N,France,46,2,12/31/2002,2002
106200,Kingdom of Spain,Issuer Credit Rating,Foreign Curr (Long-term),AA+,5/14/2002,N,Sovereign,Affirmation,IG,"Europe, Middle East, Africa",Spain,AA,2,N,1,ES,Stable,14-May-02,N,Spain,40,-4,12/31/2002,2002
107118,Federal Republic of Germany (Unsolicited Ratings),Issuer Credit Rating,Foreign Curr (Long-term),AAA,12/10/2002,N,Sovereign,Affirmation,IG,"Europe, Middle East, Africa",Germany,AAA,1,N,1,DE,Stable,10-Dec-02,N,Germany,51,9,12/31/2002,2002
107121,Kingdom of Belgium (Unsolicited Ratings),Issuer Credit Rating,Foreign Curr (Long-term),AA+,2/18/2002,N,Sovereign,Affirmation,IG,"Europe, Middle East, Africa",Belgium,AA,2,N,1,BE,Stable,18-Feb-02,N,Belgium,50.8333,4,12/31/2002,2002
107135,Republic of Italy (Unsolicited Ratings),Issuer Credit Rating,Foreign Curr (Long-term),AA,10/26/2001,N,Sovereign,Affirmation,IG,"Europe, Middle East, Africa",Italy,AA,3,N,1,IT,Stable,26-Oct-01,N,Italy,42.8333,12.8333,12/31/2002,2002
107429,Republic of Ireland,Issuer Credit Rating,Foreign Curr (Long-term),AAA,9/5/2002,N,Sovereign,Affirmation,IG,"Europe, Middle East, Africa",Ireland,AAA,1,N,1,IE,Stable,5-Sep-02,N,Ireland,53,-8,12/31/2002,2002
109900,Republic of Portugal,Issuer Credit Rating,Foreign Curr (Long-term),AA,10/31/2002,N,Sovereign,Affirmation,IG,"Europe, Middle East, Africa",Portugal,AA,3,N,1,PT,Stable,31-Oct-02,N,Portugal,39.5,-8,12/31/2002,2002
110074,Hellenic Republic,Issuer Credit Rating,Foreign Curr (Long-term),A,7/3/2002,N,Sovereign,Affirmation,IG,"Europe, Middle East, Africa",Greece,A,6,N,1,GR,Positive,3-Jul-02,N,Greece,39,22,12/31/2002,2002
100188,Republic of Austria,Issuer Credit Rating,Foreign Curr (Long-term),AAA,4/15/2004,N,Sovereign,Affirmation,IG,"Europe, Middle East, Africa",Austria,AAA,1,N,1,AT,Stable,15-Apr-04,N,Austria,47.3333,13.3333,12/31/2004,2004
100804,Republic of Finland,Issuer Credit Rating,Foreign Curr (Long-term),AAA,1/9/2004,N,Sovereign,Affirmation,IG,"Europe, Middle East, Africa",Finland,AAA,1,N,1,FI,Stable,9-Jan-04,N,Finland,64,26,12/31/2004,2004
104498,Republic of France (Unsolicited Ratings),Issuer Credit Rating,Foreign Curr (Long-term),AAA,10/15/2004,N,Sovereign,Affirmation,IG,"Europe, Middle East, Africa",France,AAA,1,N,1,FR,Stable,15-Oct-04,N,France,46,2,12/31/2004,2004
106200,Kingdom of Spain,Issuer Credit Rating,Foreign Curr (Long-term),AAA,12/13/2004,N,Sovereign,Upgrade,IG,"Europe, Middle East, Africa",Spain,AAA,1,N,1,ES,Stable,13-Dec-04,N,Spain,40,-4,12/31/2004,2004
107118,Federal Republic of Germany (Unsolicited Ratings),Issuer Credit Rating,Foreign Curr (Long-term),AAA,10/15/2004,N,Sovereign,Affirmation,IG,"Europe, Middle East, Africa",Germany,AAA,1,N,1,DE,Stable,15-Oct-04,N,Germany,51,9,12/31/2004,2004
107121,Kingdom of Belgium (Unsolicited Ratings),Issuer Credit Rating,Foreign Curr (Long-term),AA+,5/12/2004,N,Sovereign,Affirmation,IG,"Europe, Middle East, Africa",Belgium,AA,2,N,1,BE,Stable,12-May-04,N,Belgium,50.8333,4,12/31/2004,2004
107135,Republic of Italy (Unsolicited Ratings),Issuer Credit Rating,Foreign Curr (Long-term),AA-,7/7/2004,N,Sovereign,Downgrade,IG,"Europe, Middle East, Africa",Italy,AA,4,N,1,IT,Stable,7-Jul-04,N,Italy,42.8333,12.8333,12/31/2004,2004
107429,Republic of Ireland,Issuer Credit Rating,Foreign Curr (Long-term),AAA,12/23/2004,N,Sovereign,Affirmation,IG,"Europe, Middle East, Africa",Ireland,AAA,1,N,1,IE,Stable,23-Dec-04,N,Ireland,53,-8,12/31/2004,2004
109409,State of The Netherlands (Unsolicited Ratings),Issuer Credit Rating,Foreign Curr (Long-term),AAA,2/6/2004,N,Sovereign,Affirmation,IG,"Europe, Middle East, Africa",Netherlands,AAA,1,N,1,NL,Stable,6-Feb-04,N,Netherlands,52.5,5.75,12/31/2004,2004
109900,Republic of Portugal,Issuer Credit Rating,Foreign Curr (Long-term),AA,10/29/2004,N,Sovereign,Affirmation,IG,"Europe, Middle East, Africa",Portugal,AA,3,N,1,PT,Negative,29-Oct-04,N,Portugal,39.5,-8,12/31/2004,2004
110074,Hellenic Republic,Issuer Credit Rating,Foreign Curr (Long-term),A,11/17/2004,N,Sovereign,Downgrade,IG,"Europe, Middle East, Africa",Greece,A,6,N,1,GR,Stable,17-Nov-04,N,Greece,39,22,12/31/2004,2004
112764,Grand Duchy of Luxembourg,Issuer Credit Rating,Foreign Curr (Long-term),AAA,4/8/2004,N,Sovereign,Affirmation,IG,"Europe, Middle East, Africa",Luxembourg,AAA,1,N,1,LU,Stable,8-Apr-04,N,Luxembourg,49.75,6.1667,12/31/2004,2004
117955,Republic of Cyprus,Issuer Credit Rating,Foreign Curr (Long-term),A,12/1/2004,N,Sovereign,Affirmation,IG,"Europe, Middle East, Africa",Cyprus,A,6,N,1,CY,Stable,1-Dec-04,N,Cyprus,35,33,12/31/2004,2004
128364,Slovak Republic,Issuer Credit Rating,Foreign Curr (Long-term),A-,12/13/2004,N,Sovereign,Upgrade,IG,"Europe, Middle East, Africa",Slovak Republic,A,7,N,1,SK,Positive,13-Dec-04,N,Slovak Republic,48.6667,19.5,12/31/2004,2004
128507,Republic of Malta,Issuer Credit Rating,Foreign Curr (Long-term),A,8/10/2004,N,Sovereign,Affirmation,IG,"Europe, Middle East, Africa",Malta,A,6,N,1,MT,Stable,10-Aug-04,N,Malta,35.8333,14.5833,12/31/2004,2004
305647,Republic of Slovenia,Issuer Credit Rating,Foreign Curr (Long-term),AA-,5/13/2004,N,Sovereign,Upgrade,IG,"Europe, Middle East, Africa",Slovenia,AA,4,N,1,SI,Stable,13-May-04,N,Slovenia,46,15,12/31/2004,2004
319310,Republic of Estonia,Issuer Credit Rating,Foreign Curr (Long-term),A,11/17/2004,N,Sovereign,Upgrade,IG,"Europe, Middle East, Africa",Estonia,A,6,N,1,EE,Stable,17-Nov-04,N,Estonia,59,26,12/31/2004,2004
106200,Kingdom of Spain,Issuer Credit Rating,Foreign Curr (Long-term),AA+,7/30/2003,N,Sovereign,Affirmation,IG,"Europe, Middle East, Africa",Spain,AA,2,N,1,ES,Positive,30-Jul-03,N,Spain,40,-4,12/31/2003,2003
107118,Federal Republic of Germany (Unsolicited Ratings),Issuer Credit Rating,Foreign Curr (Long-term),AAA,5/6/2003,N,Sovereign,Affirmation,IG,"Europe, Middle East, Africa",Germany,AAA,1,N,1,DE,Stable,6-May-03,N,Germany,51,9,12/31/2003,2003
107121,Kingdom of Belgium (Unsolicited Ratings),Issuer Credit Rating,Foreign Curr (Long-term),AA+,5/22/2003,N,Sovereign,Affirmation,IG,"Europe, Middle East, Africa",Belgium,AA,2,N,1,BE,Stable,22-May-03,N,Belgium,50.8333,4,12/31/2003,2003
107135,Republic of Italy (Unsolicited Ratings),Issuer Credit Rating,Foreign Curr (Long-term),AA,11/25/2003,N,Sovereign,Affirmation,IG,"Europe, Middle East, Africa",Italy,AA,3,N,1,IT,Negative,25-Nov-03,N,Italy,42.8333,12.8333,12/31/2003,2003
107429,Republic of Ireland,Issuer Credit Rating,Foreign Curr (Long-term),AAA,10/30/2003,N,Sovereign,Affirmation,IG,"Europe, Middle East, Africa",Ireland,AAA,1,N,1,IE,Stable,30-Oct-03,N,Ireland,53,-8,12/31/2003,2003
109409,State of The Netherlands (Unsolicited Ratings),Issuer Credit Rating,Foreign Curr (Long-term),AAA,2/10/2003,N,Sovereign,Affirmation,IG,"Europe, Middle East, Africa",Netherlands,AAA,1,N,1,NL,Stable,10-Feb-03,N,Netherlands,52.5,5.75,12/31/2003,2003
109900,Republic of Portugal,Issuer Credit Rating,Foreign Curr (Long-term),AA,10/31/2002,N,Sovereign,Affirmation,IG,"Europe, Middle East, Africa",Portugal,AA,3,N,1,PT,Stable,31-Oct-02,N,Portugal,39.5,-8,12/31/2003,2003
110074,Hellenic Republic,Issuer Credit Rating,Foreign Curr (Long-term),A+,6/10/2003,N,Sovereign,Upgrade,IG,"Europe, Middle East, Africa",Greece,A,5,N,1,GR,Stable,10-Jun-03,N,Greece,39,22,12/31/2003,2003
112764,Grand Duchy of Luxembourg,Issuer Credit Rating,Foreign Curr (Long-term),AAA,4/8/2003,N,Sovereign,Affirmation,IG,"Europe, Middle East, Africa",Luxembourg,AAA,1,N,1,LU,Stable,8-Apr-03,N,Luxembourg,49.75,6.1667,12/31/2003,2003
117955,Republic of Cyprus,Issuer Credit Rating,Foreign Curr (Long-term),A,8/12/2003,N,Sovereign,Affirmation,IG,"Europe, Middle East, Africa",Cyprus,A,6,N,1,CY,Stable,12-Aug-03,N,Cyprus,35,33,12/31/2003,2003
128364,Slovak Republic,Issuer Credit Rating,Foreign Curr (Long-term),BBB,12/19/2002,N,Sovereign,Upgrade,IG,"Europe, Middle East, Africa",Slovak Republic,BBB,9,N,1,SK,Positive,19-Dec-02,N,Slovak Republic,48.6667,19.5,12/31/2003,2003
128507,Republic of Malta,Issuer Credit Rating,Foreign Curr (Long-term),A,8/22/2003,N,Sovereign,Affirmation,IG,"Europe, Middle East, Africa",Malta,A,6,N,1,MT,Stable,22-Aug-03,N,Malta,35.8333,14.5833,12/31/2003,2003
305647,Republic of Slovenia,Issuer Credit Rating,Foreign Curr (Long-term),A+,3/26/2003,N,Sovereign,Upgrade,IG,"Europe, Middle East, Africa",Slovenia,A,5,N,1,SI,Positive,26-Mar-03,N,Slovenia,46,15,12/31/2003,2003
319310,Republic of Estonia,Issuer Credit Rating,Foreign Curr (Long-term),A-,12/18/2003,N,Sovereign,Affirmation,IG,"Europe, Middle East, Africa",Estonia,A,7,N,1,EE,Positive,18-Dec-03,N,Estonia,59,26,12/31/2003,2003
100188,Republic of Austria,Issuer Credit Rating,Foreign Curr (Long-term),AAA,4/14/2005,N,Sovereign,Affirmation,IG,"Europe, Middle East, Africa",Austria,AAA,1,N,1,AT,Stable,14-Apr-05,N,Austria,47.3333,13.3333,12/31/2005,2005
100804,Republic of Finland,Issuer Credit Rating,Foreign Curr (Long-term),AAA,9/13/2005,N,Sovereign,Affirmation,IG,"Europe, Middle East, Africa",Finland,AAA,1,N,1,FI,Stable,13-Sep-05,N,Finland,64,26,12/31/2005,2005
104498,Republic of France (Unsolicited Ratings),Issuer Credit Rating,Foreign Curr (Long-term),AAA,2/22/2005,N,Sovereign,Affirmation,IG,"Europe, Middle East, Africa",France,AAA,1,N,1,FR,Stable,22-Feb-05,N,France,46,2,12/31/2005,2005
106200,Kingdom of Spain,Issuer Credit Rating,Foreign Curr (Long-term),AAA,11/28/2005,N,Sovereign,Affirmation,IG,"Europe, Middle East, Africa",Spain,AAA,1,N,1,ES,Stable,28-Nov-05,N,Spain,40,-4,12/31/2005,2005
107118,Federal Republic of Germany (Unsolicited Ratings),Issuer Credit Rating,Foreign Curr (Long-term),AAA,11/16/2005,N,Sovereign,Affirmation,IG,"Europe, Middle East, Africa",Germany,AAA,1,N,1,DE,Stable,16-Nov-05,N,Germany,51,9,12/31/2005,2005
107121,Kingdom of Belgium (Unsolicited Ratings),Issuer Credit Rating,Foreign Curr (Long-term),AA+,4/20/2005,N,Sovereign,Affirmation,IG,"Europe, Middle East, Africa",Belgium,AA,2,N,1,BE,Stable,20-Apr-05,N,Belgium,50.8333,4,12/31/2005,2005
107135,Republic of Italy (Unsolicited Ratings),Issuer Credit Rating,Foreign Curr (Long-term),AA-,8/8/2005,N,Sovereign,Affirmation,IG,"Europe, Middle East, Africa",Italy,AA,4,N,1,IT,Negative,8-Aug-05,N,Italy,42.8333,12.8333,12/31/2005,2005
107429,Republic of Ireland,Issuer Credit Rating,Foreign Curr (Long-term),AAA,12/20/2005,N,Sovereign,Affirmation,IG,"Europe, Middle East, Africa",Ireland,AAA,1,N,1,IE,Stable,20-Dec-05,N,Ireland,53,-8,12/31/2005,2005
109409,State of The Netherlands (Unsolicited Ratings),Issuer Credit Rating,Foreign Curr (Long-term),AAA,3/1/2005,N,Sovereign,Affirmation,IG,"Europe, Middle East, Africa",Netherlands,AAA,1,N,1,NL,Stable,1-Mar-05,N,Netherlands,52.5,5.75,12/31/2005,2005
109900,Republic of Portugal,Issuer Credit Rating,Foreign Curr (Long-term),AA-,6/27/2005,N,Sovereign,Downgrade,IG,"Europe, Middle East, Africa",Portugal,AA,4,N,1,PT,Stable,27-Jun-05,N,Portugal,39.5,-8,12/31/2005,2005
110074,Hellenic Republic,Issuer Credit Rating,Foreign Curr (Long-term),A,11/8/2005,N,Sovereign,Affirmation,IG,"Europe, Middle East, Africa",Greece,A,6,N,1,GR,Stable,8-Nov-05,N,Greece,39,22,12/31/2005,2005
112764,Grand Duchy of Luxembourg,Issuer Credit Rating,Foreign Curr (Long-term),AAA,4/12/2005,N,Sovereign,Affirmation,IG,"Europe, Middle East, Africa",Luxembourg,AAA,1,N,1,LU,Stable,12-Apr-05,N,Luxembourg,49.75,6.1667,12/31/2005,2005
117955,Republic of Cyprus,Issuer Credit Rating,Foreign Curr (Long-term),A,12/1/2004,N,Sovereign,Affirmation,IG,"Europe, Middle East, Africa",Cyprus,A,6,N,1,CY,Stable,1-Dec-04,N,Cyprus,35,33,12/31/2005,2005
128364,Slovak Republic,Issuer Credit Rating,Foreign Curr (Long-term),A,12/19/2005,N,Sovereign,Upgrade,IG,"Europe, Middle East, Africa",Slovak Republic,A,6,N,1,SK,Stable,19-Dec-05,N,Slovak Republic,48.6667,19.5,12/31/2005,2005
128507,Republic of Malta,Issuer Credit Rating,Foreign Curr (Long-term),A,5/12/2005,N,Sovereign,Affirmation,IG,"Europe, Middle East, Africa",Malta,A,6,N,1,MT,Stable,12-May-05,N,Malta,35.8333,14.5833,12/31/2005,2005
305647,Republic of Slovenia,Issuer Credit Rating,Foreign Curr (Long-term),AA-,7/11/2005,N,Sovereign,Affirmation,IG,"Europe, Middle East, Africa",Slovenia,AA,4,N,1,SI,Stable,11-Jul-05,N,Slovenia,46,15,12/31/2005,2005
112764,Grand Duchy of Luxembourg,Issuer Credit Rating,Foreign Curr (Long-term),AAA,4/28/2006,N,Sovereign,Affirmation,IG,"Europe, Middle East, Africa",Luxembourg,AAA,1,N,1,LU,Stable,28-Apr-06,N,Luxembourg,49.75,6.1667,12/31/2006,2006
117955,Republic of Cyprus,Issuer Credit Rating,Foreign Curr (Long-term),A,2/28/2006,N,Sovereign,Affirmation,IG,"Europe, Middle East, Africa",Cyprus,A,6,N,1,CY,Stable,28-Feb-06,N,Cyprus,35,33,12/31/2006,2006
128364,Slovak Republic,Issuer Credit Rating,Foreign Curr (Long-term),A,12/14/2006,N,Sovereign,Affirmation,IG,"Europe, Middle East, Africa",Slovak Republic,A,6,N,1,SK,Stable,14-Dec-06,N,Slovak Republic,48.6667,19.5,12/31/2006,2006
128507,Republic of Malta,Issuer Credit Rating,Foreign Curr (Long-term),A,8/3/2006,N,Sovereign,Affirmation,IG,"Europe, Middle East, Africa",Malta,A,6,N,1,MT,Stable,3-Aug-06,N,Malta,35.8333,14.5833,12/31/2006,2006
305647,Republic of Slovenia,Issuer Credit Rating,Foreign Curr (Long-term),AA,5/16/2006,N,Sovereign,Upgrade,IG,"Europe, Middle East, Africa",Slovenia,AA,3,N,1,SI,Stable,16-May-06,N,Slovenia,46,15,12/31/2006,2006
319310,Republic of Estonia,Issuer Credit Rating,Foreign Curr (Long-term),A,7/17/2006,N,Sovereign,Affirmation,IG,"Europe, Middle East, Africa",Estonia,A,6,N,1,EE,Stable,17-Jul-06,N,Estonia,59,26,12/31/2006,2006
100188,Republic of Austria,Issuer Credit Rating,Foreign Curr (Long-term),AAA,2/12/2007,N,Sovereign,Affirmation,IG,"Europe, Middle East, Africa",Austria,AAA,1,N,1,AT,Stable,12-Feb-07,N,Austria,47.3333,13.3333,12/31/2007,2007
100804,Republic of Finland,Issuer Credit Rating,Foreign Curr (Long-term),AAA,7/24/2007,N,Sovereign,Affirmation,IG,"Europe, Middle East, Africa",Finland,AAA,1,N,1,FI,Stable,24-Jul-07,N,Finland,64,26,12/31/2007,2007
319310,Republic of Estonia,Issuer Credit Rating,Foreign Curr (Long-term),A,7/21/2005,N,Sovereign,Affirmation,IG,"Europe, Middle East, Africa",Estonia,A,6,N,1,EE,Positive,21-Jul-05,N,Estonia,59,26,12/31/2005,2005
100188,Republic of Austria,Issuer Credit Rating,Foreign Curr (Long-term),AAA,4/27/2006,N,Sovereign,Affirmation,IG,"Europe, Middle East, Africa",Austria,AAA,1,N,1,AT,Stable,27-Apr-06,N,Austria,47.3333,13.3333,12/31/2006,2006
100804,Republic of Finland,Issuer Credit Rating,Foreign Curr (Long-term),AAA,11/14/2006,N,Sovereign,Affirmation,IG,"Europe, Middle East, Africa",Finland,AAA,1,N,1,FI,Stable,14-Nov-06,N,Finland,64,26,12/31/2006,2006
104498,Republic of France (Unsolicited Ratings),Issuer Credit Rating,Foreign Curr (Long-term),AAA,2/28/2006,N,Sovereign,Affirmation,IG,"Europe, Middle East, Africa",France,AAA,1,N,1,FR,Stable,28-Feb-06,N,France,46,2,12/31/2006,2006
106200,Kingdom of Spain,Issuer Credit Rating,Foreign Curr (Long-term),AAA,11/29/2006,N,Sovereign,Affirmation,IG,"Europe, Middle East, Africa",Spain,AAA,1,N,1,ES,Stable,29-Nov-06,N,Spain,40,-4,12/31/2006,2006
107118,Federal Republic of Germany (Unsolicited Ratings),Issuer Credit Rating,Foreign Curr (Long-term),AAA,12/19/2006,N,Sovereign,Affirmation,IG,"Europe, Middle East, Africa",Germany,AAA,1,N,1,DE,Stable,19-Dec-06,N,Germany,51,9,12/31/2006,2006
107121,Kingdom of Belgium (Unsolicited Ratings),Issuer Credit Rating,Foreign Curr (Long-term),AA+,4/24/2006,N,Sovereign,Affirmation,IG,"Europe, Middle East, Africa",Belgium,AA,2,N,1,BE,Stable,24-Apr-06,N,Belgium,50.8333,4,12/31/2006,2006
107135,Republic of Italy (Unsolicited Ratings),Issuer Credit Rating,Foreign Curr (Long-term),A+,10/19/2006,N,Sovereign,Downgrade,IG,"Europe, Middle East, Africa",Italy,A,5,N,1,IT,Stable,19-Oct-06,N,Italy,42.8333,12.8333,12/31/2006,2006
107429,Republic of Ireland,Issuer Credit Rating,Foreign Curr (Long-term),AAA,12/21/2006,N,Sovereign,Affirmation,IG,"Europe, Middle East, Africa",Ireland,AAA,1,N,1,IE,Stable,21-Dec-06,N,Ireland,53,-8,12/31/2006,2006
109409,State of The Netherlands (Unsolicited Ratings),Issuer Credit Rating,Foreign Curr (Long-term),AAA,12/28/2006,N,Sovereign,Affirmation,IG,"Europe, Middle East, Africa",Netherlands,AAA,1,N,1,NL,Stable,28-Dec-06,N,Netherlands,52.5,5.75,12/31/2006,2006
109900,Republic of Portugal,Issuer Credit Rating,Foreign Curr (Long-term),AA-,10/30/2006,N,Sovereign,Affirmation,IG,"Europe, Middle East, Africa",Portugal,AA,4,N,1,PT,Stable,30-Oct-06,N,Portugal,39.5,-8,12/31/2006,2006
110074,Hellenic Republic,Issuer Credit Rating,Foreign Curr (Long-term),A,3/24/2006,N,Sovereign,Affirmation,IG,"Europe, Middle East, Africa",Greece,A,6,N,1,GR,Stable,24-Mar-06,N,Greece,39,22,12/31/2006,2006
100188,Republic of Austria,Issuer Credit Rating,Foreign Curr (Long-term),AAA,2/22/2008,N,Sovereign,Affirmation,IG,"Europe, Middle East, Africa",Austria,AAA,1,N,1,AT,Stable,22-Feb-08,N,Austria,47.3333,13.3333,12/31/2008,2008
100804,Republic of Finland,Issuer Credit Rating,Foreign Curr (Long-term),AAA,8/7/2008,N,Sovereign,Affirmation,IG,"Europe, Middle East, Africa",Finland,AAA,1,N,1,FI,Stable,7-Aug-08,N,Finland,64,26,12/31/2008,2008
104498,Republic of France (Unsolicited Ratings),Issuer Credit Rating,Foreign Curr (Long-term),AAA,3/31/2008,N,Sovereign,Affirmation,IG,"Europe, Middle East, Africa",France,AAA,1,N,1,FR,Stable,31-Mar-08,N,France,46,2,12/31/2008,2008
106200,Kingdom of Spain,Issuer Credit Rating,Foreign Curr (Long-term),AAA,4/25/2008,N,Sovereign,Affirmation,IG,"Europe, Middle East, Africa",Spain,AAA,1,N,1,ES,Stable,25-Apr-08,N,Spain,40,-4,12/31/2008,2008
107118,Federal Republic of Germany (Unsolicited Ratings),Issuer Credit Rating,Foreign Curr (Long-term),AAA,6/17/2008,N,Sovereign,Affirmation,IG,"Europe, Middle East, Africa",Germany,AAA,1,N,1,DE,Stable,17-Jun-08,N,Germany,51,9,12/31/2008,2008
107121,Kingdom of Belgium (Unsolicited Ratings),Issuer Credit Rating,Foreign Curr (Long-term),AA+,9/30/2008,N,Sovereign,Affirmation,IG,"Europe, Middle East, Africa",Belgium,AA,2,N,1,BE,Stable,30-Sep-08,N,Belgium,50.8333,4,12/31/2008,2008
107135,Republic of Italy (Unsolicited Ratings),Issuer Credit Rating,Foreign Curr (Long-term),A+,10/23/2007,N,Sovereign,Affirmation,IG,"Europe, Middle East, Africa",Italy,A,5,N,1,IT,Stable,23-Oct-07,N,Italy,42.8333,12.8333,12/31/2008,2008
107429,Republic of Ireland,Issuer Credit Rating,Foreign Curr (Long-term),AAA,11/23/2007,N,Sovereign,Affirmation,IG,"Europe, Middle East, Africa",Ireland,AAA,1,N,1,IE,Stable,23-Nov-07,N,Ireland,53,-8,12/31/2008,2008
109409,State of The Netherlands (Unsolicited Ratings),Issuer Credit Rating,Foreign Curr (Long-term),AAA,9/30/2008,N,Sovereign,Affirmation,IG,"Europe, Middle East, Africa",Netherlands,AAA,1,N,1,NL,Stable,30-Sep-08,N,Netherlands,52.5,5.75,12/31/2008,2008
109900,Republic of Portugal,Issuer Credit Rating,Foreign Curr (Long-term),AA-,5/19/2008,N,Sovereign,Affirmation,IG,"Europe, Middle East, Africa",Portugal,AA,4,N,1,PT,Stable,19-May-08,N,Portugal,39.5,-8,12/31/2008,2008
110074,Hellenic Republic,Issuer Credit Rating,Foreign Curr (Long-term),A,3/4/2008,N,Sovereign,Affirmation,IG,"Europe, Middle East, Africa",Greece,A,6,N,1,GR,Stable,4-Mar-08,N,Greece,39,22,12/31/2008,2008
112764,Grand Duchy of Luxembourg,Issuer Credit Rating,Foreign Curr (Long-term),AAA,9/30/2008,N,Sovereign,Affirmation,IG,"Europe, Middle East, Africa",Luxembourg,AAA,1,N,1,LU,Stable,30-Sep-08,N,Luxembourg,49.75,6.1667,12/31/2008,2008
117955,Republic of Cyprus,Issuer Credit Rating,Foreign Curr (Long-term),A+,4/24/2008,N,Sovereign,Upgrade,IG,"Europe, Middle East, Africa",Cyprus,A,5,N,1,CY,Stable,24-Apr-08,N,Cyprus,35,33,12/31/2008,2008
128364,Slovak Republic,Issuer Credit Rating,Foreign Curr (Long-term),A+,11/27/2008,N,Sovereign,Upgrade,IG,"Europe, Middle East, Africa",Slovak Republic,A,5,N,1,SK,Stable,27-Nov-08,N,Slovak Republic,48.6667,19.5,12/31/2008,2008
128507,Republic of Malta,Issuer Credit Rating,Foreign Curr (Long-term),A,7/31/2008,N,Sovereign,Affirmation,IG,"Europe, Middle East, Africa",Malta,A,6,N,1,MT,Stable,31-Jul-08,N,Malta,35.8333,14.5833,12/31/2008,2008
305647,Republic of Slovenia,Issuer Credit Rating,Foreign Curr (Long-term),AA,3/10/2008,N,Sovereign,Affirmation,IG,"Europe, Middle East, Africa",Slovenia,AA,3,N,1,SI,Stable,10-Mar-08,N,Slovenia,46,15,12/31/2008,2008
319310,Republic of Estonia,Issuer Credit Rating,Foreign Curr (Long-term),A,10/27/2008,N,Sovereign,Affirmation,IG,"Europe, Middle East, Africa",Estonia,A,6,N,1,EE,Negative,27-Oct-08,N,Estonia,59,26,12/31/2008,2008
104498,Republic of France (Unsolicited Ratings),Issuer Credit Rating,Foreign Curr (Long-term),AAA,3/8/2007,N,Sovereign,Affirmation,IG,"Europe, Middle East, Africa",France,AAA,1,N,1,FR,Stable,8-Mar-07,N,France,46,2,12/31/2007,2007
106200,Kingdom of Spain,Issuer Credit Rating,Foreign Curr (Long-term),AAA,11/26/2007,N,Sovereign,Affirmation,IG,"Europe, Middle East, Africa",Spain,AAA,1,N,1,ES,Stable,26-Nov-07,N,Spain,40,-4,12/31/2007,2007
107118,Federal Republic of Germany (Unsolicited Ratings),Issuer Credit Rating,Foreign Curr (Long-term),AAA,6/14/2007,N,Sovereign,Affirmation,IG,"Europe, Middle East, Africa",Germany,AAA,1,N,1,DE,Stable,14-Jun-07,N,Germany,51,9,12/31/2007,2007
107121,Kingdom of Belgium (Unsolicited Ratings),Issuer Credit Rating,Foreign Curr (Long-term),AA+,5/21/2007,N,Sovereign,Affirmation,IG,"Europe, Middle East, Africa",Belgium,AA,2,N,1,BE,Stable,21-May-07,N,Belgium,50.8333,4,12/31/2007,2007
107135,Republic of Italy (Unsolicited Ratings),Issuer Credit Rating,Foreign Curr (Long-term),A+,10/23/2007,N,Sovereign,Affirmation,IG,"Europe, Middle East, Africa",Italy,A,5,N,1,IT,Stable,23-Oct-07,N,Italy,42.8333,12.8333,12/31/2007,2007
107429,Republic of Ireland,Issuer Credit Rating,Foreign Curr (Long-term),AAA,11/23/2007,N,Sovereign,Affirmation,IG,"Europe, Middle East, Africa",Ireland,AAA,1,N,1,IE,Stable,23-Nov-07,N,Ireland,53,-8,12/31/2007,2007
109409,State of The Netherlands (Unsolicited Ratings),Issuer Credit Rating,Foreign Curr (Long-term),AAA,7/23/2007,N,Sovereign,Affirmation,IG,"Europe, Middle East, Africa",Netherlands,AAA,1,N,1,NL,Stable,23-Jul-07,N,Netherlands,52.5,5.75,12/31/2007,2007
109900,Republic of Portugal,Issuer Credit Rating,Foreign Curr (Long-term),AA-,10/25/2007,N,Sovereign,Affirmation,IG,"Europe, Middle East, Africa",Portugal,AA,4,N,1,PT,Stable,25-Oct-07,N,Portugal,39.5,-8,12/31/2007,2007
110074,Hellenic Republic,Issuer Credit Rating,Foreign Curr (Long-term),A,3/6/2007,N,Sovereign,Affirmation,IG,"Europe, Middle East, Africa",Greece,A,6,N,1,GR,Stable,6-Mar-07,N,Greece,39,22,12/31/2007,2007
112764,Grand Duchy of Luxembourg,Issuer Credit Rating,Foreign Curr (Long-term),AAA,7/23/2007,N,Sovereign,Affirmation,IG,"Europe, Middle East, Africa",Luxembourg,AAA,1,N,1,LU,Stable,23-Jul-07,N,Luxembourg,49.75,6.1667,12/31/2007,2007
117955,Republic of Cyprus,Issuer Credit Rating,Foreign Curr (Long-term),A,3/29/2007,N,Sovereign,Affirmation,IG,"Europe, Middle East, Africa",Cyprus,A,6,N,1,CY,Positive,29-Mar-07,N,Cyprus,35,33,12/31/2007,2007
128364,Slovak Republic,Issuer Credit Rating,Foreign Curr (Long-term),A,12/18/2007,N,Sovereign,Affirmation,IG,"Europe, Middle East, Africa",Slovak Republic,A,6,N,1,SK,Stable,18-Dec-07,N,Slovak Republic,48.6667,19.5,12/31/2007,2007
128507,Republic of Malta,Issuer Credit Rating,Foreign Curr (Long-term),A,7/11/2007,N,Sovereign,Affirmation,IG,"Europe, Middle East, Africa",Malta,A,6,N,1,MT,Stable,11-Jul-07,N,Malta,35.8333,14.5833,12/31/2007,2007
305647,Republic of Slovenia,Issuer Credit Rating,Foreign Curr (Long-term),AA,3/2/2007,N,Sovereign,Affirmation,IG,"Europe, Middle East, Africa",Slovenia,AA,3,N,1,SI,Stable,2-Mar-07,N,Slovenia,46,15,12/31/2007,2007
319310,Republic of Estonia,Issuer Credit Rating,Foreign Curr (Long-term),A,7/2/2007,N,Sovereign,Affirmation,IG,"Europe, Middle East, Africa",Estonia,A,6,N,1,EE,Negative,2-Jul-07,N,Estonia,59,26,12/31/2007,2007
100188,Republic of Austria,Issuer Credit Rating,Foreign Curr (Long-term),AAA,12/7/2009,N,Sovereign,Affirmation,IG,"Europe, Middle East, Africa",Austria,AAA,1,N,1,AT,Stable,7-Dec-09,N,Austria,47.3333,13.3333,12/31/2009,2009
100804,Republic of Finland,Issuer Credit Rating,Foreign Curr (Long-term),AAA,11/25/2009,N,Sovereign,Affirmation,IG,"Europe, Middle East, Africa",Finland,AAA,1,N,1,FI,Stable,25-Nov-09,N,Finland,64,26,12/31/2009,2009
104498,Republic of France (Unsolicited Ratings),Issuer Credit Rating,Foreign Curr (Long-term),AAA,7/29/2009,N,Sovereign,Affirmation,IG,"Europe, Middle East, Africa",France,AAA,1,N,1,FR,Stable,29-Jul-09,N,France,46,2,12/31/2009,2009
106200,Kingdom of Spain,Issuer Credit Rating,Foreign Curr (Long-term),AA+,12/9/2009,N,Sovereign,Affirmation,IG,"Europe, Middle East, Africa",Spain,AA,2,N,1,ES,Negative,9-Dec-09,N,Spain,40,-4,12/31/2009,2009
107118,Federal Republic of Germany (Unsolicited Ratings),Issuer Credit Rating,Foreign Curr (Long-term),AAA,12/9/2009,N,Sovereign,Affirmation,IG,"Europe, Middle East, Africa",Germany,AAA,1,N,1,DE,Stable,9-Dec-09,N,Germany,51,9,12/31/2009,2009
107121,Kingdom of Belgium (Unsolicited Ratings),Issuer Credit Rating,Foreign Curr (Long-term),AA+,12/7/2009,N,Sovereign,Affirmation,IG,"Europe, Middle East, Africa",Belgium,AA,2,N,1,BE,Stable,7-Dec-09,N,Belgium,50.8333,4,12/31/2009,2009
107135,Republic of Italy (Unsolicited Ratings),Issuer Credit Rating,Foreign Curr (Long-term),A+,12/7/2009,N,Sovereign,Affirmation,IG,"Europe, Middle East, Africa",Italy,A,5,N,1,IT,Stable,7-Dec-09,N,Italy,42.8333,12.8333,12/31/2009,2009
107429,Republic of Ireland,Issuer Credit Rating,Foreign Curr (Long-term),AA,12/18/2009,N,Sovereign,Affirmation,IG,"Europe, Middle East, Africa",Ireland,AA,3,N,1,IE,Negative,18-Dec-09,N,Ireland,53,-8,12/31/2009,2009
109409,State of The Netherlands (Unsolicited Ratings),Issuer Credit Rating,Foreign Curr (Long-term),AAA,1/13/2009,N,Sovereign,Affirmation,IG,"Europe, Middle East, Africa",Netherlands,AAA,1,N,1,NL,Stable,13-Jan-09,N,Netherlands,52.5,5.75,12/31/2009,2009
109900,Republic of Portugal,Issuer Credit Rating,Foreign Curr (Long-term),A+,12/7/2009,N,Sovereign,Affirmation,IG,"Europe, Middle East, Africa",Portugal,A,5,N,1,PT,Negative,7-Dec-09,N,Portugal,39.5,-8,12/31/2009,2009
110074,Hellenic Republic,Issuer Credit Rating,Foreign Curr (Long-term),BBB+,12/16/2009,N,Sovereign,Downgrade,IG,"Europe, Middle East, Africa",Greece,BBB,8,N,1,GR,WatchNeg,16-Dec-09,N,Greece,39,22,12/31/2009,2009
112764,Grand Duchy of Luxembourg,Issuer Credit Rating,Foreign Curr (Long-term),AAA,9/29/2009,N,Sovereign,Affirmation,IG,"Europe, Middle East, Africa",Luxembourg,AAA,1,N,1,LU,Stable,29-Sep-09,N,Luxembourg,49.75,6.1667,12/31/2009,2009
117955,Republic of Cyprus,Issuer Credit Rating,Foreign Curr (Long-term),A+,8/4/2009,N,Sovereign,Affirmation,IG,"Europe, Middle East, Africa",Cyprus,A,5,N,1,CY,Stable,4-Aug-09,N,Cyprus,35,33,12/31/2009,2009
128364,Slovak Republic,Issuer Credit Rating,Foreign Curr (Long-term),A+,12/16/2009,N,Sovereign,Affirmation,IG,"Europe, Middle East, Africa",Slovak Republic,A,5,N,1,SK,Stable,16-Dec-09,N,Slovak Republic,48.6667,19.5,12/31/2009,2009
128507,Republic of Malta,Issuer Credit Rating,Foreign Curr (Long-term),A,7/7/2009,N,Sovereign,Affirmation,IG,"Europe, Middle East, Africa",Malta,A,6,N,1,MT,Stable,7-Jul-09,N,Malta,35.8333,14.5833,12/31/2009,2009
109409,State of The Netherlands (Unsolicited Ratings),Issuer Credit Rating,Foreign Curr (Long-term),AAA,1/13/2009,N,Sovereign,Affirmation,IG,"Europe, Middle East, Africa",Netherlands,AAA,1,N,1,NL,Stable,13-Jan-09,N,Netherlands,52.5,5.75,12/31/2010,2010
109900,Republic of Portugal,Issuer Credit Rating,Foreign Curr (Long-term),A-,11/30/2010,N,Sovereign,Affirmation,IG,"Europe, Middle East, Africa",Portugal,A,7,N,1,PT,WatchNeg,30-Nov-10,N,Portugal,39.5,-8,12/31/2010,2010
110074,Hellenic Republic,Issuer Credit Rating,Foreign Curr (Long-term),BB+,12/2/2010,N,Sovereign,Affirmation,SG,"Europe, Middle East, Africa",Greece,BB,11,N,1,GR,WatchNeg,2-Dec-10,N,Greece,39,22,12/31/2010,2010
112764,Grand Duchy of Luxembourg,Issuer Credit Rating,Foreign Curr (Long-term),AAA,12/15/2010,N,Sovereign,Affirmation,IG,"Europe, Middle East, Africa",Luxembourg,AAA,1,N,1,LU,Stable,15-Dec-10,N,Luxembourg,49.75,6.1667,12/31/2010,2010
117955,Republic of Cyprus,Issuer Credit Rating,Foreign Curr (Long-term),A,12/6/2010,N,Sovereign,Affirmation,IG,"Europe, Middle East, Africa",Cyprus,A,6,N,1,CY,Negative,6-Dec-10,N,Cyprus,35,33,12/31/2010,2010
128364,Slovak Republic,Issuer Credit Rating,Foreign Curr (Long-term),A+,12/15/2010,N,Sovereign,Affirmation,IG,"Europe, Middle East, Africa",Slovak Republic,A,5,N,1,SK,Stable,15-Dec-10,N,Slovak Republic,48.6667,19.5,12/31/2010,2010
128507,Republic of Malta,Issuer Credit Rating,Foreign Curr (Long-term),A,10/5/2010,N,Sovereign,Affirmation,IG,"Europe, Middle East, Africa",Malta,A,6,N,1,MT,Stable,5-Oct-10,N,Malta,35.8333,14.5833,12/31/2010,2010
305647,Republic of Slovenia,Issuer Credit Rating,Foreign Curr (Long-term),AA,12/22/2010,N,Sovereign,Affirmation,IG,"Europe, Middle East, Africa",Slovenia,AA,3,N,1,SI,Negative,22-Dec-10,N,Slovenia,46,15,12/31/2010,2010
319310,Republic of Estonia,Issuer Credit Rating,Foreign Curr (Long-term),A,6/10/2010,N,Sovereign,Upgrade,IG,"Europe, Middle East, Africa",Estonia,A,6,N,1,EE,Stable,10-Jun-10,N,Estonia,59,26,12/31/2010,2010
305647,Republic of Slovenia,Issuer Credit Rating,Foreign Curr (Long-term),AA,3/30/2009,N,Sovereign,Affirmation,IG,"Europe, Middle East, Africa",Slovenia,AA,3,N,1,SI,Stable,30-Mar-09,N,Slovenia,46,15,12/31/2009,2009
319310,Republic of Estonia,Issuer Credit Rating,Foreign Curr (Long-term),A-,8/10/2009,N,Sovereign,Downgrade,IG,"Europe, Middle East, Africa",Estonia,A,7,N,1,EE,Negative,10-Aug-09,N,Estonia,59,26,12/31/2009,2009
100188,Republic of Austria,Issuer Credit Rating,Foreign Curr (Long-term),AAA,12/7/2009,N,Sovereign,Affirmation,IG,"Europe, Middle East, Africa",Austria,AAA,1,N,1,AT,Stable,7-Dec-09,N,Austria,47.3333,13.3333,12/31/2010,2010
100804,Republic of Finland,Issuer Credit Rating,Foreign Curr (Long-term),AAA,11/29/2010,N,Sovereign,Affirmation,IG,"Europe, Middle East, Africa",Finland,AAA,1,N,1,FI,Stable,29-Nov-10,N,Finland,64,26,12/31/2010,2010
104498,Republic of France (Unsolicited Ratings),Issuer Credit Rating,Foreign Curr (Long-term),AAA,12/23/2010,N,Sovereign,Affirmation,IG,"Europe, Middle East, Africa",France,AAA,1,N,1,FR,Stable,23-Dec-10,N,France,46,2,12/31/2010,2010
106200,Kingdom of Spain,Issuer Credit Rating,Foreign Curr (Long-term),AA,12/1/2010,N,Sovereign,Affirmation,IG,"Europe, Middle East, Africa",Spain,AA,3,N,1,ES,Negative,1-Dec-10,N,Spain,40,-4,12/31/2010,2010
107118,Federal Republic of Germany (Unsolicited Ratings),Issuer Credit Rating,Foreign Curr (Long-term),AAA,12/9/2009,N,Sovereign,Affirmation,IG,"Europe, Middle East, Africa",Germany,AAA,1,N,1,DE,Stable,9-Dec-09,N,Germany,51,9,12/31/2010,2010
107121,Kingdom of Belgium (Unsolicited Ratings),Issuer Credit Rating,Foreign Curr (Long-term),AA+,12/14/2010,N,Sovereign,Affirmation,IG,"Europe, Middle East, Africa",Belgium,AA,2,N,1,BE,Negative,14-Dec-10,N,Belgium,50.8333,4,12/31/2010,2010
107135,Republic of Italy (Unsolicited Ratings),Issuer Credit Rating,Foreign Curr (Long-term),A+,11/2/2010,N,Sovereign,Affirmation,IG,"Europe, Middle East, Africa",Italy,A,5,N,1,IT,Stable,2-Nov-10,N,Italy,42.8333,12.8333,12/31/2010,2010
107429,Republic of Ireland,Issuer Credit Rating,Foreign Curr (Long-term),A,11/23/2010,N,Sovereign,Downgrade,IG,"Europe, Middle East, Africa",Ireland,A,6,N,1,IE,WatchNeg,23-Nov-10,N,Ireland,53,-8,12/31/2010,2010
100188,Republic of Austria,Issuer Credit Rating,Foreign Curr (Long-term),AAA,12/5/2011,N,Sovereign,Affirmation,IG,"Europe, Middle East, Africa",Austria,AAA,1,N,1,AT,WatchNeg,5-Dec-11,N,Austria,47.3333,13.3333,12/31/2011,2011
100804,Republic of Finland,Issuer Credit Rating,Foreign Curr (Long-term),AAA,12/5/2011,N,Sovereign,Affirmation,IG,"Europe, Middle East, Africa",Finland,AAA,1,N,1,FI,WatchNeg,5-Dec-11,N,Finland,64,26,12/31/2011,2011
104498,Republic of France (Unsolicited Ratings),Issuer Credit Rating,Foreign Curr (Long-term),AAA,12/5/2011,N,Sovereign,Affirmation,IG,"Europe, Middle East, Africa",France,AAA,1,Y,1,FR,WatchNeg,5-Dec-11,N,France,46,2,12/31/2011,2011
106200,Kingdom of Spain,Issuer Credit Rating,Foreign Curr (Long-term),AA-,12/5/2011,N,Sovereign,Affirmation,IG,"Europe, Middle East, Africa",Spain,AA,4,N,1,ES,WatchNeg,5-Dec-11,N,Spain,40,-4,12/31/2011,2011
107118,Federal Republic of Germany (Unsolicited Ratings),Issuer Credit Rating,Foreign Curr (Long-term),AAA,12/5/2011,N,Sovereign,Affirmation,IG,"Europe, Middle East, Africa",Germany,AAA,1,Y,1,DE,WatchNeg,5-Dec-11,N,Germany,51,9,12/31/2011,2011
107121,Kingdom of Belgium (Unsolicited Ratings),Issuer Credit Rating,Foreign Curr (Long-term),AA,12/5/2011,N,Sovereign,Affirmation,IG,"Europe, Middle East, Africa",Belgium,AA,3,Y,1,BE,WatchNeg,5-Dec-11,N,Belgium,50.8333,4,12/31/2011,2011
107135,Republic of Italy (Unsolicited Ratings),Issuer Credit Rating,Foreign Curr (Long-term),A,12/5/2011,N,Sovereign,Affirmation,IG,"Europe, Middle East, Africa",Italy,A,6,Y,1,IT,WatchNeg,5-Dec-11,N,Italy,42.8333,12.8333,12/31/2011,2011
107429,Republic of Ireland,Issuer Credit Rating,Foreign Curr (Long-term),BBB+,12/5/2011,N,Sovereign,Affirmation,IG,"Europe, Middle East, Africa",Ireland,BBB,8,N,1,IE,WatchNeg,5-Dec-11,N,Ireland,53,-8,12/31/2011,2011
109409,State of The Netherlands (Unsolicited Ratings),Issuer Credit Rating,Foreign Curr (Long-term),AAA,12/5/2011,N,Sovereign,Affirmation,IG,"Europe, Middle East, Africa",Netherlands,AAA,1,Y,1,NL,WatchNeg,5-Dec-11,N,Netherlands,52.5,5.75,12/31/2011,2011
109900,Republic of Portugal,Issuer Credit Rating,Foreign Curr (Long-term),BBB-,12/5/2011,N,Sovereign,Affirmation,IG,"Europe, Middle East, Africa",Portugal,BBB,10,N,1,PT,WatchNeg,5-Dec-11,N,Portugal,39.5,-8,12/31/2011,2011
110074,Hellenic Republic,Issuer Credit Rating,Foreign Curr (Long-term),CC,7/27/2011,Y,Sovereign,Downgrade,SG,"Europe, Middle East, Africa",Greece,CC,20,N,1,GR,Negative,27-Jul-11,N,Greece,39,22,12/31/2011,2011
112764,Grand Duchy of Luxembourg,Issuer Credit Rating,Foreign Curr (Long-term),AAA,12/5/2011,N,Sovereign,Affirmation,IG,"Europe, Middle East, Africa",Luxembourg,AAA,1,N,1,LU,WatchNeg,5-Dec-11,N,Luxembourg,49.75,6.1667,12/31/2011,2011
117955,Republic of Cyprus,Issuer Credit Rating,Foreign Curr (Long-term),BBB,12/5/2011,N,Sovereign,Affirmation,IG,"Europe, Middle East, Africa",Cyprus,BBB,9,N,1,CY,WatchNeg,5-Dec-11,N,Cyprus,35,33,12/31/2011,2011
128364,Slovak Republic,Issuer Credit Rating,Foreign Curr (Long-term),A+,12/5/2011,N,Sovereign,Affirmation,IG,"Europe, Middle East, Africa",Slovak Republic,A,5,N,1,SK,WatchNeg,5-Dec-11,N,Slovak Republic,48.6667,19.5,12/31/2011,2011
128507,Republic of Malta,Issuer Credit Rating,Foreign Curr (Long-term),A,12/23/2011,N,Sovereign,Affirmation,IG,"Europe, Middle East, Africa",Malta,A,6,N,1,MT,WatchNeg,23-Dec-11,N,Malta,35.8333,14.5833,12/31/2011,2011
305647,Republic of Slovenia,Issuer Credit Rating,Foreign Curr (Long-term),AA-,12/5/2011,N,Sovereign,Affirmation,IG,"Europe, Middle East, Africa",Slovenia,AA,4,N,1,SI,WatchNeg,5-Dec-11,N,Slovenia,46,15,12/31/2011,2011
319310,Republic of Estonia,Issuer Credit Rating,Foreign Curr (Long-term),AA-,12/5/2011,N,Sovereign,Affirmation,IG,"Europe, Middle East, Africa",Estonia,AA,4,N,1,EE,WatchNeg,5-Dec-11,N,Estonia,59,26,12/31/2011,2011
